"normalizedSku","matchCount","sku","productId","variantId","name","published","visibility","price","stock","stockManagement"
"415071510","12","415 0715 10","288987250","1293268060","BIMASA LUK - PARTNER","true","visible","670000.00","","false"
"415071510","12","415 0715 10","289317681","1294635719","BIMASA LUK - BERLINGO","true","visible","670000.00","","false"
"415071510","12","415 0715 10","289323932","1294655478","BIMASA LUK - CACTUS","true","visible","670000.00","","false"
"415071510","12","415 0715 10","289324138","1294656211","BIMASA LUK - PICASSO","true","visible","670000.00","","false"
"415071510","12","415 0715 10","289324424","1294657474","BIMASA LUK - JUMPY","true","visible","670000.00","","false"
"415071510","12","415 0715 10","289324686","1294659271","BIMASA LUK - 208","true","visible","670000.00","","false"
"415071510","12","415 0715 10","289324866","1294660388","BIMASA LUK - 308","true","visible","670000.00","","false"
"415071510","12","415 0715 10","289325074","1294661572","BIMASA LUK - 508","true","visible","670000.00","","false"
"415071510","12","415 0715 10","289325240","1294662150","BIMASA LUK - 2008","true","visible","670000.00","","false"
"415071510","12","415 0715 10","289325358","1294662925","BIMASA LUK - 3008","true","visible","670000.00","","false"
"415071510","12","415 0715 10","289325509","1294663666","BIMASA LUK - 5008","true","visible","670000.00","","false"
"415071510","12","415 0715 10","289325643","1294664244","BIMASA LUK - EXPERT","true","visible","670000.00","","false"
"602000600","9","602 0006 00","289266837","1294428482","KIT 2CT LUK - GOLF","true","visible","1520000.00","","false"
"602000600","9","602 0006 00","289268222","1294431786","KIT 2CT LUK - A1","true","visible","1520000.00","","false"
"602000600","9","602 0006 00","289268585","1294432777","KIT 2CT LUK - A3","true","visible","1520000.00","","false"
"602000600","9","602 0006 00","289268734","1294433217","KIT 2CT LUK - Q2","true","visible","1520000.00","","false"
"602000600","9","602 0006 00","289268892","1294433628","KIT 2CT LUK - TT","true","visible","1520000.00","","false"
"602000600","9","602 0006 00","289269148","1294434462","KIT 2CT LUK - PASSAT","true","visible","1520000.00","","false"
"602000600","9","602 0006 00","289269312","1294434932","KIT 2CT LUK - TCROSS","true","visible","1520000.00","","false"
"602000600","9","602 0006 00","289269575","1294435677","KIT 2CT LUK - TIGUAN","true","visible","1520000.00","","false"
"602000600","9","602 0006 00","289269728","1294436136","KIT 2CT LUK - SCIROCCO","true","visible","1520000.00","","false"
"415058310","6","415 0583 10","289015626","1293398325","BIMASA LUK - VENTO","true","visible","675000.00","","false"
"415058310","6","415 0583 10","289017034","1293403431","BIMASA LUK - PASSAT","true","visible","675000.00","","false"
"415058310","6","415 0583 10","289054503","1293619523","BIMASA LUK - A3","true","visible","675000.00","","false"
"415058310","6","415 0583 10","289055313","1293624616","BIMASA LUK - Q2","true","visible","675000.00","","false"
"415058310","6","415 0583 10","289055923","1293628034","BIMASA LUK - Q3","true","visible","675000.00","","false"
"415058310","6","415 0583 10","289056822","1293633067","BIMASA LUK - TIGUAN","true","visible","675000.00","","false"
"602000100","5","602 0001 00","289261710","1294412003","KIT 2CT LUK - GOLF","true","visible","2100000.00","","false"
"602000100","5","602 0001 00","289262201","1294413851","KIT 2CT LUK - A1","true","visible","2100000.00","","false"
"602000100","5","602 0001 00","289262350","1294414677","KIT 2CT LUK - A3","true","visible","2100000.00","","false"
"602000100","5","602 0001 00","289262711","1294416121","KIT 2CT LUK - PASSAT","true","visible","2100000.00","","false"
"602000100","5","602 0001 00","289262983","1294417577","KIT 2CT LUK - SCIROCCO","true","visible","2100000.00","","false"
"622325233","5","622 3252 33","289275291","1294453037","CONJUNTO + CRAPODINA LUK - CRONOS","true","visible","295000.00","","false"
"622325233","5","622 3252 33","289275845","1294455572","CONJUNTO + CRAPODINA LUK - ARGO","true","visible","295000.00","","false"
"622325233","5","622 3252 33","289275952","1294456037","CONJUNTO + CRAPODINA LUK - BRAVO","true","visible","295000.00","","false"
"622325233","5","622 3252 33","289276157","1294457017","CONJUNTO + CRAPODINA LUK - IDEA","true","visible","295000.00","","false"
"622325233","5","622 3252 33","289276235","1294457506","CONJUNTO + CRAPODINA LUK - LINEA","true","visible","295000.00","","false"
"415069710","4","415 0697 10","289003959","1293342374","BIMASA LUK - TORO","true","visible","840000.00","","false"
"415069710","4","415 0697 10","289004786","1293346083","BIMASA LUK - RENEGADE","true","visible","840000.00","","false"
"415069710","4","415 0697 10","289005541","1293349664","BIMASA LUK - COMPASS","true","visible","840000.00","","false"
"415069710","4","415 0697 10","289006366","1293352577","BIMASA LUK - CHEROKEE","true","visible","840000.00","","false"
"626301909","4","626 3019 09","289237892","1294325603","CONJUNTO LUK - S10","true","visible","390000.00","","false"
"626301909","4","626 3019 09","289238049","1294326112","CONJUNTO LUK - FRONTIER","true","visible","390000.00","","false"
"626301909","4","626 3019 09","289238314","1294326743","CONJUNTO LUK - BLAZER","true","visible","390000.00","","false"
"626301909","4","626 3019 09","289238491","1294327325","CONJUNTO LUK - X TERRA","true","visible","390000.00","","false"
"415076809","3","415 0768 09","288995997","1293313824","BIMASA LUK - GOLF","true","visible","630000.00","","false"
"415076809","3","415 0768 09","288996675","1293316491","BIMASA LUK - A1","true","visible","630000.00","","false"
"415076809","3","415 0768 09","289037329","1293511897","BIMASA LUK - SCIROCCO","true","visible","630000.00","","false"
"510015710","3","510 0157 10","289246121","1294362477","CRAPODINA LUK - 308","true","visible","175000.00","","false"
"510015710","3","510 0157 10","289246589","1294363772","CRAPODINA LUK - 408","true","visible","175000.00","","false"
"510015710","3","510 0157 10","289246800","1294364451","CRAPODINA LUK - C4","true","visible","175000.00","","false"
"602000800","3","602 0008 00","289264359","1294422687","KIT POWERSHIFTER LUK - FOCUS","true","visible","1950000.00","","false"
"602000800","3","602 0008 00","289264518","1294423334","KIT POWERSHIFTER LUK - FIESTA","true","visible","1950000.00","","false"
"602000800","3","602 0008 00","289264721","1294423867","KIT POWERSHIFTER LUK - ECOSPORT","true","visible","1950000.00","","false"
"624352709","3","624 3527 09","289232280","1294303879","CONJUNTO LUK - 308","true","visible","340000.00","","false"
"624352709","3","624 3527 09","289232656","1294305267","CONJUNTO LUK - 408","true","visible","340000.00","","false"
"624352709","3","624 3527 09","289232758","1294305636","CONJUNTO LUK - C4","true","visible","340000.00","","false"
"415032210","2","415 0322 10","288989355","1293280362","BIMASA LUK - CRUZE","true","visible","570000.00","","false"
"415032210","2","415 0322 10","288997392","1293319242","BIMASA LUK - CAPTIVA","true","visible","570000.00","","false"
"415064710","2","415 0647 10","288991438","1293290466","BIMASA LUK - FOCUS","true","visible","610000.00","","false"
"415064710","2","415 0647 10","289806444","1296503554","BIMASA LUK - MONDEO","true","visible","690000.00","","false"
"417001911","2","417 0019 11","289316337","1294631644","BIMASA LUK - BORA","true","visible","490000.00","","false"
"417001911","2","417 0019 11","289821956","1296557687","BIMASA LUK - VENTO","true","visible","490000.00","","false"
"600035700","2","600 0357 00","289280992","1294481593","KIT COMPLETO LUK - EXPERT","true","visible","1100000.00","","false"
"600035700","2","600 0357 00","289281445","1294483292","KIT COMPLETO LUK - JUMPY","true","visible","1100000.00","","false"
"624394700","2","624 3947 00","289280023","1294476677","CONJUNTO + RODAMIENTO LUK - EXPERT","true","visible","420000.00","","false"
"624394700","2","624 3947 00","289280333","1294478373","CONJUNTO + RODAMIENTO LUK - JUMPY","true","visible","420000.00","","false"
"626302209","2","626 3022 09","289234132","1294310864","CONJUNTO LUK - HILUX","true","visible","440000.00","","false"
"626302209","2","626 3022 09","289234249","1294311354","CONJUNTO LUK - SW4","true","visible","440000.00","","false"
"k11321","2","K11321","290641553","1299630025","FILTRO SAKURA - TOYOTA HILUX","false","hidden","","","false"
"k11321","2","K11321","290641787","1299630730","FILTRO SAKURA - TOYOTA SW4","false","hidden","","","false"
"k18013","2","K18013","290641299","1299628863","FILTRO SAKURA - NISSAN FRONTIER","false","hidden","","","false"
"k18013","2","K18013","290641406","1299629396","FILTRO SAKURA - RENAULT ALASKAN","false","hidden","","","false"
